{
  "parent": "block/block",
  "elements": [
    {
      "from": [ 0, 0, 0 ],
      "to": [ 16, 16, 16 ],
      "faces": {
          "down":  { "texture": "#top_bottom" },
          "up":    { "texture": "#top_bottom" },
          "north": { "texture": "#front" },
          "south": { "texture": "#back" },
          "west":  { "texture": "#side" },
          "east":  { "texture": "#side" }
      }
    }
  ],
  "display": {
    "firstperson_righthand": {
      "rotation": [ 0, 135, 0 ],
      "translation": [ 0, 0, 0 ],
      "scale": [ 0.40, 0.40, 0.40 ]
    }
  },
  "textures": {
    "particle": "#front",
    "back": "#side"
  }
}
